,index,x_axis,y_axis,labels,AGENCY_ID
0,0,0.2645868740505824,-0.01870112460674415,1,3.0
1,1,-0.10677337726009781,-0.14168573873695503,2,16.0
2,2,-0.1975427777843646,-0.20499528565464406,2,36.0
3,3,0.19056491318516278,-0.06430417957494165,1,46.0
4,4,-0.15535983060733913,0.05263810364758196,2,61.0
5,5,-0.07617571466865368,0.04523194466529872,2,84.0
6,6,0.13879348908819586,-0.10853531000453528,1,87.0
7,7,-0.16688051839875873,-0.18108773673582804,2,96.0
8,8,-0.16446082719532348,0.27963014361344596,3,102.0
9,9,-0.3485011624925625,0.23323770368944022,3,125.0
10,10,-0.41550809122126314,0.3293193069063159,3,130.0
11,11,-0.1511013470222884,-0.2358415677123664,2,148.0
12,12,0.06960306167737139,-0.09023762925601995,1,152.0
13,13,0.0880916568845693,-0.07518574406965027,1,156.0
14,14,-0.25568581669799234,0.22414083791617703,3,163.0
15,15,-0.3485762932883754,0.1827085449205182,3,164.0
16,16,0.003660850439521285,-0.13952162017540654,2,166.0
17,17,0.25418266308262133,-0.03829448411957858,1,173.0
18,18,0.3493385375322307,-0.03571905768695522,1,184.0
19,19,0.14504316720430963,-0.09047278931850555,1,188.0
20,20,-0.04675498778517084,-0.11060374742395845,2,204.0
21,21,0.33810980737575247,-0.011115433604541971,1,242.0
22,22,0.005091869690304578,-0.0861897921365502,2,245.0
23,23,-0.1565769521577556,-0.4918494356526529,2,291.0
24,24,-0.033184961998231184,-0.10278927890448139,2,294.0
25,25,-0.08714603485537563,-0.08071024790475276,2,301.0
26,26,-0.2439782925478941,-0.17057143728445107,2,307.0
27,27,-0.01471154501476659,-0.0789450224930468,2,326.0
28,28,-0.25950349976257864,0.28393177381371026,3,330.0
29,29,-0.22156403738179797,-0.014768860272212804,2,351.0
30,30,-0.28614019833652504,0.39992617479685294,3,356.0
31,31,-0.26347262377435055,-0.10566955447720495,2,372.0
32,32,0.43135655285902486,0.027228152621481334,1,375.0
33,33,-0.32461697766532965,0.33542631695679553,3,396.0
34,34,0.033409877109814974,-0.1299867980917126,2,401.0
35,35,-0.3838194632090031,0.29460245837217397,3,408.0
36,36,-0.2222051949951982,-0.3465684789297971,2,426.0
37,37,-0.08387215651121913,-0.09026270140717788,2,448.0
38,38,0.006665665829813202,-0.14225305353355855,2,456.0
39,39,-0.22721875811848818,-0.2124947423257673,2,462.0
40,40,0.10481917750699733,-0.1111312418578715,1,469.0
41,41,0.3222122974358927,0.048250379156358665,1,470.0
42,42,-0.1271756844210754,0.3826159488176641,3,477.0
43,43,0.5808918644918684,0.04132233208637045,4,483.0
44,44,-0.17658033699325837,0.014590393922666079,2,506.0
45,45,0.1451080587031131,-0.07965565790386032,1,512.0
46,46,-0.24943940856558366,0.37130144880228594,3,543.0
47,47,0.11855032171714137,-0.09046691218626257,1,553.0
48,48,0.676579970201904,0.1590205141552988,4,562.0
49,49,-0.01073512479144982,-0.13035914395138273,2,564.0
50,50,0.308323990047118,-0.06536469106480547,1,578.0
51,51,-0.1499223955066356,-0.2805213327403633,2,581.0
52,52,1.9182785355864542,0.37856663502724985,4,586.0
53,53,0.1109181435075038,-0.0557687620717846,1,599.0
54,54,0.11783817101910629,-0.03136712981801132,1,604.0
55,55,0.025243784211170076,0.4192909430539781,3,609.0
56,56,-0.2395079186465481,-0.280355219470865,2,620.0
57,57,-0.3381955625871657,0.04411097362580838,3,625.0
58,58,-0.07961191889316031,-0.1422773198673854,2,626.0
59,59,-0.262800511461043,-0.05470533059522914,2,633.0
60,60,0.4629239358310126,0.03941565683467339,4,650.0
61,61,-0.19138093215445967,0.06945724060285292,2,668.0
62,62,0.10955533235711401,0.09370249488340994,1,678.0
63,63,0.15496638830812798,-0.03571405008292173,1,683.0
64,64,0.059260153772746564,-0.08570395867348606,1,684.0
65,65,0.2855061718136776,-0.050027933135426486,1,690.0
66,66,0.07598746862381592,-0.09733144729564977,1,692.0
67,67,0.5273631597654607,0.02571615188416294,4,693.0
68,68,-0.12753735528409163,-0.6361652211726614,2,702.0
69,69,-0.26657662644298524,-0.16082280511897923,2,756.0
70,70,0.06794353641670409,-0.0340022981411716,1,770.0
71,71,0.12716836941913506,-0.01665269278696251,1,772.0
72,72,-0.11600357430342804,-0.19900069668989967,2,778.0
73,73,0.07169844425189176,0.1018032330507779,1,791.0
74,74,-0.2710791913530591,-0.04288936438399906,2,805.0
75,75,0.10885431848417082,-0.069710181116433,1,806.0
76,76,0.10370607951521042,0.019847073036452716,1,808.0
77,77,-0.09665571500243968,-0.15569341654656418,2,810.0
78,78,0.0811503417423881,-0.08289052500684771,1,811.0
79,79,0.1249399101403936,-0.12900890594428607,1,817.0
80,80,0.2703176691134664,-0.020523408427840253,1,834.0
81,81,-0.13585883915329627,-0.12314024856305922,2,847.0
82,82,0.1765603978960412,-0.017823708910694458,1,859.0
83,83,-0.06429506470354371,-0.13997718973417161,2,877.0
84,84,-0.16111548719607094,-0.08378317261563782,2,884.0
85,85,-0.13894307797336883,-0.07287125161299124,2,885.0
86,86,1.0603577521915333,0.22758216347404248,4,886.0
87,87,-0.1848923687187197,-0.4216308162109598,2,891.0
88,88,0.14513418477771453,-0.08899188756312275,1,897.0
89,89,-0.11307521187116701,-0.16782939403693894,2,928.0
90,90,-0.3776804509456224,0.25123371468827876,3,940.0
91,91,0.25853108201792446,-0.038787752736485485,1,949.0
92,92,-0.2013308471217835,-0.25349254824464007,2,955.0
93,93,0.02279412586127782,-0.11576733669153894,2,972.0
94,94,-0.3669580789122286,0.20073478072735726,3,976.0
95,95,-0.033966252005378,-0.13661908424422955,2,983.0
96,96,-0.07027758710598712,-0.07154026155510398,2,993.0
97,97,0.35669002831615443,0.11677107873553523,1,1009.0
98,98,-0.15519129617684632,-0.1205803431581068,2,1010.0
99,99,-0.14445910655549,-0.40594577583441005,2,1020.0
100,100,0.37030578210259296,0.5938926138921281,1,1022.0
101,101,-0.09391975604858854,-0.11393986775454697,2,1057.0
102,102,-0.24816868304909687,0.29682860841978925,3,1074.0
103,103,-0.26278983774118553,0.2871730587526256,3,1075.0
104,104,-0.029529838607339,-0.1862452784640829,2,1079.0
105,105,0.1341498676256868,-0.1000275617052998,1,1100.0
106,106,-0.28335859149962433,0.10560709534274332,3,1102.0
107,107,0.26250235882059,-0.04132374629735993,1,1126.0
108,108,-0.004488393170661863,-0.12514806709297382,2,1136.0
109,109,-0.2206710947426023,0.6861019728223953,3,1160.0
110,110,0.39281040719140126,-0.025635257874826563,1,1162.0
111,111,-0.25419810886385313,-0.11303001214512476,2,1163.0
112,112,-0.19544250582414843,-0.10029234894060185,2,1170.0
113,113,-0.2513289603435314,-0.01066303467929009,2,1183.0
114,114,-0.33628651197255777,0.24071340961591606,3,1184.0
115,115,-0.30995027495375194,0.08243735740058261,3,1186.0
116,116,0.08188011323290394,-0.0619039617041851,1,1189.0
117,117,0.43632603741917514,-0.0307260835698985,1,1191.0
118,118,0.1236267978655375,-0.03758271049485326,1,1193.0
119,119,0.2501270310832342,-0.03160241147867582,1,1207.0
120,120,-0.18779860089462153,-0.11236849156802786,2,1210.0
121,121,-0.09539654266159817,0.29073971067474447,3,1214.0
122,122,-0.3070245508970499,0.3040418774523282,3,1216.0
123,123,-0.34748556023233007,0.2831707530097072,3,1240.0
124,124,1.091717120113197,0.21005611324821505,4,1262.0
125,125,-0.1921969072386683,-0.246704385083734,2,1296.0
126,126,0.40296269233606974,0.15843643206075134,1,1297.0
127,127,-0.3472719643069223,0.3609399190191727,3,1303.0
128,128,0.08226629855584115,0.0002564234041121276,1,1315.0
129,129,-0.34614229923476186,0.3033255847194448,3,1355.0
130,130,-0.2559197970826166,0.18017891196101296,3,1360.0
131,131,0.08453610304331297,-0.04880429988494871,1,1378.0
132,132,-0.16567820002316205,-0.4684427275799904,2,1395.0
133,133,-0.29576542553882074,-0.16396919596914705,2,1411.0
134,134,0.2233550116312092,-0.04906501558854142,1,1414.0
135,135,-0.1860565306100476,0.062088341575743736,2,1447.0
136,136,0.4445749252635937,0.019912415775507952,1,1448.0
137,137,0.2965329684091975,-0.011823002470603425,1,1456.0
138,138,-0.18447618054571327,-0.21867629161722996,2,1478.0
139,139,0.10329220028741674,-0.038211448512647544,1,1486.0
140,140,-0.12027408522205944,-0.026305336283479443,2,1489.0
141,141,-0.22932383816950944,-0.12635806522212065,2,1490.0
142,142,-0.17557203485146192,0.07703371696336005,2,1500.0
143,143,-0.16190772265584402,-0.17645844883084458,2,1504.0
144,144,0.0055148997316789,-0.0939399401538047,2,1512.0
145,145,0.18896780463703827,-0.0805121783264726,1,1525.0
146,146,0.1028204926100016,-0.10262585377275404,1,1536.0
147,147,-0.2548590309721067,-0.35564755273291276,2,1544.0
148,148,-0.08474838294367407,-0.00477150797209701,2,1566.0
149,149,0.25980458912470705,-0.020219100395214285,1,1569.0
150,150,-0.2504703778498583,0.0911139448268564,3,1580.0
151,151,-0.184623208069502,-0.3787679962598226,2,1582.0
152,152,0.1968035524230001,-0.04782805635462456,1,1588.0
153,153,0.48364713880688975,0.04102353692044858,4,1603.0
154,154,-0.08612161719959567,-0.1382505957687449,2,1604.0
155,155,0.1241438151450953,-0.07200354980676338,1,1613.0
156,156,0.7726409460685589,0.12054169712767254,4,1644.0
157,157,-0.23363111212651297,-0.2590678322471213,2,1653.0
158,158,0.2682498259262506,-0.012983895061709032,1,1660.0
159,159,0.6726601788613871,0.07555469723009582,4,1662.0
160,160,-0.0641880342487316,-0.08778816423236693,2,1668.0
161,161,0.6265479634240295,0.07824915964620074,4,1673.0
162,162,-0.2358991531521585,0.18635679112863332,3,1678.0
163,163,0.0689143971564304,-0.05940802246220694,1,1684.0
164,164,-0.3936192985493915,0.3678343961815236,3,1687.0
165,165,-0.14997380053888015,0.011584038321289299,2,1700.0
166,166,0.7290873076343665,0.11762059350244335,4,1717.0
167,167,0.1633442136201204,-0.010958643832574918,1,1722.0
168,168,-0.08291211673505294,-0.213403420171955,2,1724.0
169,169,-0.004936338887233568,-0.10984861525920621,2,1744.0
170,170,-0.3136972012345087,0.2492059647658882,3,1760.0
171,171,0.3744946134958922,0.03842183875823974,1,1761.0
172,172,-0.2643680327647572,-0.18544619522863431,2,1763.0
173,173,-0.07662357076290272,-0.12688494967296643,2,1771.0
174,174,0.08134381646777528,-0.11101269471667634,1,1779.0
175,175,0.6760239279150891,0.13755678211691763,4,1786.0
176,176,0.09267320951988674,-0.08908044437740091,1,1794.0
177,177,0.12383095341596465,-0.06686659341045191,1,1815.0
178,178,-0.3505481315143898,0.2194342828792433,3,1821.0
179,179,-0.2548200324558046,-0.14138656677429684,2,1829.0
180,180,-0.11825434882226739,-0.027652412940760304,2,1836.0
181,181,0.3848341043716636,0.0016365502006804537,1,1839.0
182,182,0.1298778259351904,-0.055653150062152656,1,1845.0
183,183,1.5674207563237543,0.307780552561414,4,1850.0
184,184,-0.07960099705958854,0.05783955644298282,2,1865.0
185,185,0.04045120974466371,-0.11060696010398612,2,1876.0
186,186,-0.2852190583533888,0.20818869976373489,3,1882.0
187,187,-0.4036755571745469,0.3528782111967577,3,1898.0
188,188,0.04585492294199851,-0.029259028736498608,1,1901.0
189,189,-0.2343410591721174,-0.22726726005453424,2,1906.0
190,190,-0.2877203344256745,0.30289197470108875,3,1917.0
191,191,-0.2701078648728093,-0.16100602323956012,2,1926.0
192,192,0.05824234160404701,-0.09835631798373128,1,1938.0
193,193,-0.0006377389884626609,-0.1089727473296167,2,1939.0
194,194,1.1335495578767234,0.22338179656355445,4,1951.0
195,195,0.33468021226907196,-0.0420863970656234,1,1952.0
196,196,-0.15626268819694542,-0.0411806272369424,2,1953.0
197,197,0.32305786296223715,-0.007132597554878762,1,1955.0
198,198,-0.16073193998659954,-0.1510372701192564,2,1968.0
199,199,0.05681078571620303,-0.1435007707650252,2,1981.0
200,200,-0.1982525105077915,-0.2414743039118656,2,1992.0
201,201,-0.2285712672451364,0.3341718337999385,3,1996.0
202,202,0.5818006818257352,0.05352862268050095,4,2006.0
203,203,-0.23414574270901392,-0.29472621211509636,2,2017.0
204,204,-0.30753975533214917,0.3046418531718068,3,2022.0
205,205,0.5954845452118546,0.1344022976453196,4,2025.0
206,206,-0.0005960760338053718,0.700405547648139,3,2041.0
207,207,-0.3881549849382267,0.29395368707628594,3,2045.0
208,208,0.6938848232566929,0.06265956258628444,4,2049.0
209,209,-0.03561153224897268,-0.09505784997006622,2,2056.0
210,210,0.16142233210252588,0.20037271935201845,1,2090.0
211,211,-0.3180805299142584,0.24266297151038135,3,2093.0
212,212,0.42989497258278103,0.10130196254730987,1,2105.0
213,213,0.5185855298223154,0.03186573936163199,4,2109.0
214,214,-0.24852107391733055,0.14729700049047517,3,2114.0
215,215,0.3471494851974049,-0.040818530647352864,1,2131.0
216,216,-0.12696053621497327,0.1509969468232919,3,2144.0
217,217,0.3316345071608204,0.1000915175206924,1,2147.0
218,218,-0.27457034853429374,0.035733667385084524,2,2150.0
219,219,0.22064865189939614,-0.03797382632559263,1,2189.0
220,220,-0.42304510753544866,0.2251315525065194,3,2196.0
221,221,-0.1523518562521253,-0.06395641996736011,2,2214.0
222,222,0.5797191089471707,0.0628482576056055,4,2217.0
223,223,0.008969064171083929,-0.0771846238449033,2,2232.0
224,224,-0.1437729017781429,-0.23980287615173118,2,2237.0
225,225,-0.09825170687911897,-0.1423164269053562,2,2244.0
226,226,0.05549677164659533,0.011484516839657613,1,2252.0
227,227,-0.15589175240958428,-0.1538037691361023,2,2257.0
228,228,-0.273258812301048,-0.10644509370917611,2,2260.0
229,229,1.0749318057717234,0.16964765429414858,4,2265.0
230,230,-0.17894146147889783,0.01343575244487664,2,2268.0
231,231,-0.09573707505040027,-0.15820340518487674,2,2279.0
232,232,-0.2792849628710218,0.31689957100028315,3,2288.0
233,233,-0.124475951289636,-0.18492849797979194,2,2290.0
234,234,-0.12827369669334646,0.26043836480045435,3,2305.0
235,235,0.23551382062666093,-0.029399721948205074,1,2324.0
236,236,-0.21004843834091727,-0.08046604986699764,2,2343.0
237,237,-0.07808683632196534,-0.08210523114479741,2,2358.0
238,238,-0.08730271483027065,0.1705867626286305,3,2361.0
239,239,0.06013840422019808,-0.10555717220210709,1,2364.0
240,240,-0.18747135571283546,-0.1456390478560608,2,2379.0
241,241,-0.15865537399420698,-0.3003732994932145,2,2386.0
242,242,1.0676304577756062,0.18472677694151168,4,2393.0
243,243,0.10852008639188733,-0.09002491398036512,1,2395.0
244,244,-0.34374889458442426,0.1877260290961734,3,2398.0
245,245,0.1369069873727813,-0.08991793680261757,1,2429.0
246,246,0.008412992179580992,-0.10289434450063213,2,2432.0
247,247,0.39206763389407573,-0.04002991320725502,1,2446.0
248,248,0.12599679574380565,-0.039932964275400724,1,2463.0
249,249,-0.24871310790522924,-0.19350989375385477,2,2479.0
250,250,0.1477171094878976,-0.044417852747462606,1,2485.0
251,251,0.06823942533779272,-0.06026196912835163,1,2486.0
252,252,-0.06967034107709391,0.013396832963113366,2,2517.0
253,253,0.12463023569715713,-0.10325621979905046,1,2519.0
254,254,-0.138653529806988,-0.18021986700219716,2,2523.0
255,255,0.21298580578492204,-0.0377583214174047,1,2529.0
256,256,-0.19403321372109766,-0.30656215505312634,2,2530.0
257,257,0.2593606103254217,0.046310394815236446,1,2558.0
258,258,-0.1836525877622002,0.34111047306894604,3,2563.0
259,259,0.2034191635681858,-0.03821589037616436,1,2565.0
260,260,0.24471559125619524,-0.04687295919310259,1,2570.0
261,261,-0.3424006023528968,0.19230636628822073,3,2586.0
262,262,0.2245530556363182,-0.03559325817798714,1,2595.0
263,263,-0.08225872734966466,0.007495137328011026,2,2606.0
264,264,-0.15777463948319181,0.39090264932380375,3,2622.0
265,265,0.08365726403177519,-0.05760470930963679,1,2651.0
266,266,-0.35660783820457126,0.15221850884973587,3,2657.0
267,267,-0.007579173089288699,-0.1009315411845935,2,2660.0
268,268,0.3570012598386086,-0.040365134516108035,1,2663.0
269,269,-0.12686566814730474,-0.07960972836716013,2,2669.0
270,270,-0.2216708414873252,-0.09290054730859135,2,2674.0
271,271,-0.06457804798429324,-0.13864150320559065,2,2677.0
272,272,-0.19535141207953283,-0.42448247905454145,2,2678.0
273,273,-0.20320157676493195,-0.36943076429637456,2,2688.0
274,274,-0.005238879242467719,-0.11516887048163119,2,2741.0
275,275,0.296389984519234,0.11973343109208846,1,2745.0
276,276,-0.21448434163410354,0.170228746190628,3,2747.0
277,277,0.07871165138973919,-0.02970112778254595,1,2752.0
278,278,-0.10540557425565117,-0.17734212543007621,2,2757.0
279,279,0.011269838229145719,-0.07675539970408765,2,2776.0
280,280,0.3253897397949757,-0.033101524424307915,1,2783.0
281,281,-0.07309726258502589,-0.1128678036103846,2,2788.0
282,282,0.2813512165051106,-0.025671957993130785,1,2805.0
283,283,-0.09813482032918494,-0.18063327639034385,2,2837.0
284,284,0.30142642878693476,-0.06445991117656955,1,2842.0
285,285,-0.3737451302261879,0.2389153638680835,3,2843.0
286,286,-0.1073073497435785,-0.24382938355006936,2,2846.0
287,287,0.5145551027734998,0.06849422323814494,4,2857.0
288,288,-0.0009074820382301244,0.03720014496671337,1,2859.0
289,289,-0.09725088978705344,-0.10673105541295452,2,2860.0
290,290,-0.12675713143307368,-0.1902460103452125,2,2864.0
291,291,-0.30214563130949523,0.1302437284243947,3,2899.0
292,292,-0.11860580586175055,0.10732369628884299,2,2900.0
293,293,0.007354908317458047,-0.07863200386041133,2,2902.0
294,294,-0.33204308257406856,0.47452509711475876,3,2907.0
295,295,-0.12791687651051958,-0.15484239133368277,2,2913.0
296,296,-0.26566554142702964,0.07246577501641266,3,2914.0
297,297,-0.39103669251318585,0.25681696260693576,3,2919.0
298,298,0.2553064250767228,-0.02504074318938937,1,2938.0
299,299,-0.26994673263477714,-0.03120680973946797,2,2945.0
300,300,-0.07856047119678093,-0.11886987417255486,2,2946.0
301,301,-0.3290500464347521,0.10051385945583746,3,2970.0
302,302,-0.2683482415950749,0.3187323801099739,3,2972.0
303,303,0.2736194318485241,-0.0457406635606989,1,2975.0
304,304,-0.1831079487659743,-0.4130507866554043,2,3024.0
305,305,0.12015623128007366,-0.06303272975564223,1,3036.0
306,306,0.462272046291942,0.03228672152482921,1,3038.0
307,307,-0.4015827116071731,0.3571412495101558,3,3040.0
308,308,-0.3070204443099646,0.2857974096103622,3,3057.0
309,309,-0.06727952245750773,-0.10796079608788595,2,3072.0
310,310,-0.027384478850470274,-0.10303682138852834,2,3074.0
311,311,-0.38777968582511135,0.38342224835281563,3,3075.0
312,312,-0.27236242668855803,0.019087686786348517,2,3076.0
313,313,0.18374298840985612,-0.08298606528799543,1,3091.0
314,314,0.1992050247644294,-0.018125298693344487,1,3095.0
315,315,-0.07948423088162697,0.020065788438432947,2,3096.0
316,316,0.020795165843459272,-0.12157937242237138,2,3104.0
317,317,0.49743773629638566,0.006357886725509639,4,3112.0
318,318,-0.05256092533347624,-0.07999883419063737,2,3143.0
319,319,0.16318369096191568,-0.05881729024441244,1,3170.0
320,320,-0.3438801554173648,0.045870946481477035,3,3171.0
321,321,0.11112726123050347,-0.11878473366961723,1,3186.0
322,322,-0.27794987980669844,-0.1402095940137107,2,3191.0
323,323,0.15025254585992595,-0.06533159347559804,1,3211.0
324,324,-0.3655088044999904,0.28370084342190227,3,3241.0
325,325,0.400293389023901,-0.017983165729052546,1,3246.0
326,326,-0.2478269271506387,0.6349422519122514,3,3263.0
327,327,0.37320883754681755,0.07288459821240775,1,3275.0
328,328,-0.28350267343672453,0.18499291536302506,3,3278.0
329,329,-0.38910978444966604,0.23382077192559908,3,3282.0
330,330,-0.014836046820905013,-0.15899242616967477,2,3303.0
331,331,-0.03892963649503264,-0.08334505012082506,2,3311.0
332,332,-0.3716407702193269,0.4119338179870739,3,3313.0
333,333,0.057800329614012394,-0.09443561739869538,1,3318.0
334,334,0.06033220780194622,-0.13355721257507522,1,3325.0
335,335,0.11004587800871993,-0.12747349740440378,1,3332.0
336,336,-0.1534686556237857,-0.18638230459664826,2,3334.0
337,337,-0.27133616674792693,-0.1271399370919053,2,3344.0
338,338,0.19718112923977277,-0.0025985699300573196,1,3347.0
339,339,0.13748495959136775,-0.05319324926061235,1,3351.0
340,340,0.547066759167254,0.03578326365907687,4,3354.0
341,341,0.8834576887711425,0.15735578435499653,4,3360.0
342,342,0.4868846826332007,0.04330103043367733,4,3370.0
343,343,-0.2724715316948519,0.025862687278151154,2,3371.0
344,344,-0.017776774601300598,-0.11126147695846908,2,3373.0
345,345,0.13420968633881153,-0.09444170126448913,1,3378.0
346,346,0.3290068836959949,0.0030953201383196447,1,3385.0
347,347,-0.2621362482396349,-0.07968685210415721,2,3407.0
348,348,0.5222508433001497,0.06708707452551793,4,3417.0
349,349,-0.3419310245404369,0.2856428493831794,3,3435.0
350,350,-0.1738285430429983,-0.09853985326639063,2,3457.0
351,351,0.17359107496366472,-0.01915563178405519,1,3458.0
352,352,-0.1243684673554973,-0.1911381649190577,2,3462.0
353,353,0.12027652242704964,-0.07825570628278346,1,3467.0
354,354,-0.22193168726954918,-0.10352449265467818,2,3468.0
355,355,-0.2741606865016194,-0.0646808253645769,2,3469.0
356,356,-0.26865761971467866,0.03628045249284685,3,3474.0
357,357,0.6424382737750969,0.14522760993188943,4,3486.0
358,358,-0.0516955219028532,0.12560820743116333,2,3487.0
359,359,-0.028519151034008056,-0.14405439538547135,2,3488.0
360,360,0.13230934289230542,-0.03067903695118452,1,3498.0
361,361,-0.3277835368867123,0.21887279716756283,3,3505.0
362,362,-0.30214521737532535,0.027243806246686698,3,3510.0
363,363,-0.20424368248767497,-0.2048879236105787,2,3520.0
364,364,0.6124109491760186,0.06317233155513795,4,3545.0
365,365,-0.26784689067159195,0.2673964938445413,3,3556.0
366,366,0.11435192367305776,-0.06590661113519534,1,3557.0
367,367,-0.1196849963189306,0.344599918519604,3,3584.0
368,368,-0.22485345339690438,0.3875002976386107,3,3593.0
369,369,0.06549927737134216,-0.07068298260336393,1,3597.0
370,370,0.15640638646091584,-0.040154238136981615,1,3601.0
371,371,-0.17322613804859732,-0.1182853388877204,2,3613.0
372,372,-0.1977247005551139,-0.2930050882701395,2,3646.0
373,373,-0.061416956341268425,-0.10960603349546444,2,3647.0
374,374,0.20516556389336282,-0.04640462947821608,1,3655.0
375,375,-0.03822099749684831,-0.11539511388856014,2,3662.0
376,376,-0.011932070197726736,-0.09297624774447855,2,3664.0
377,377,-0.2724906004365924,-0.12974611099072195,2,3669.0
378,378,-0.13853230068827405,0.003929364128532609,2,3670.0
379,379,0.06690277663288657,0.03984658399038955,1,3671.0
380,380,-0.26260258106116974,0.28643603683572044,3,3674.0
381,381,0.46037535301977295,0.10533374182060706,4,3676.0
382,382,0.6818812271608752,0.07542680198758847,4,3680.0
383,383,-0.4009044187951147,0.35644950423695526,3,3698.0
384,384,-0.35085844248909925,0.22344065793771453,3,3723.0
385,385,0.5105450464840847,0.03288829019352622,4,3724.0
386,386,-0.1527781073872958,-0.5145478850329731,2,3742.0
387,387,0.07890897105737436,-0.14196995063593565,1,3748.0
388,388,-0.27086125122347543,0.04777254971617709,3,3749.0
389,389,-0.3455479244400313,0.1775688275384559,3,3751.0
390,390,0.15884070548796397,-0.11219894882448476,1,3756.0
391,391,-0.011510553668664658,-0.0721022664981077,2,3764.0
392,392,-0.1943236110325562,-0.22862278322541335,2,3775.0
393,393,-0.31813652281731125,0.07104900017753868,3,3797.0
394,394,-0.05283134126365749,-0.17862612097870506,2,3815.0
395,395,-0.23904917346685933,-0.24606673047374264,2,3818.0
396,396,0.07477539388987677,-0.18278482500583365,2,3826.0
397,397,-0.11793066919863117,-0.1489207875181309,2,3851.0
398,398,0.2304258164263846,-0.04569876159686152,1,3864.0
399,399,0.168072848715668,0.004458179278624026,1,3870.0
400,400,-0.32682587096174215,0.03504733892587158,3,3878.0
401,401,-0.3877338667224724,0.37691250515018554,3,3921.0
402,402,0.33720941999932447,-0.016376842939694512,1,3924.0
403,403,0.35218669637174815,-0.035382068708511634,1,3932.0
404,404,-0.11195787360771856,-0.02184025236100501,2,3936.0
405,405,-0.26347604678207365,-0.03829971945968762,2,3941.0
406,406,0.9214782974414272,0.15383608663806073,4,3948.0
407,407,-0.05083500425096954,-0.06812843878811908,2,3962.0
408,408,-0.35779687368864144,0.1935772075202585,3,3967.0
409,409,-0.1423192619219533,-0.07059179608003158,2,3976.0
410,410,0.0359079161540951,-0.0826088735500076,2,3985.0
411,411,0.2008017074543466,-0.03223977317423844,1,3990.0
412,412,-0.20529117224342228,-0.22334242213693484,2,3993.0
413,413,0.3197711233654139,0.008164061430733956,1,3998.0
414,414,-0.16932365139758643,0.02881692917109749,2,4000.0
415,415,-0.32824157075456706,0.16563872919798436,3,4007.0
416,416,-0.01995857666399588,-0.12821657131914696,2,4009.0
417,417,-0.007238997276190678,-0.15179499679535857,2,4021.0
418,418,0.3548598309120246,-0.013292737487135936,1,4024.0
419,419,0.20937543542401477,-0.008287748353248829,1,4027.0
420,420,-0.09535562371645986,0.07056299197315734,2,4028.0
421,421,-0.21311929878634925,-0.02725977036453812,2,4034.0
422,422,-0.20117999616699783,0.43142242245052914,3,4035.0
423,423,0.597225296118937,0.12380363629346064,4,4061.0
424,424,0.6381467913575619,0.0004384500045151553,4,4086.0
425,425,-0.010876820915532484,-0.1444201718147299,2,4089.0
426,426,-0.15940981983826244,0.07167275767662294,2,4109.0
427,427,-0.21513056387857726,0.09227900139489677,3,4118.0
428,428,-0.08859133420661186,-0.17607549528625385,2,4123.0
429,429,0.11651718252570299,-0.07382407169228646,1,4148.0
430,430,0.4434661375174613,0.01571353005550077,1,4170.0
431,431,-0.046679645677717256,-0.06209126211382435,2,4198.0
432,432,-0.40150438325047383,0.29966937936377064,3,4199.0
433,433,-0.3092317516872939,0.1254367968800993,3,4201.0
434,434,-0.09553850403697729,-0.14905036598076732,2,4226.0
435,435,-0.32677538709548076,0.29903037399165755,3,4228.0
436,436,0.21209711376621848,0.027783504329202614,1,4229.0
437,437,-0.026171614918451713,-0.11367786731003839,2,4237.0
438,438,-0.3237811148335563,0.2043287632987252,3,4250.0
439,439,-0.370348452016268,0.29482701862202704,3,4274.0
440,440,0.3874452109770093,0.09454697363308495,1,4277.0
441,441,0.7511679011242771,0.10439928189372921,4,4297.0
442,442,-0.09444661513377663,0.01515717021302042,2,4300.0
443,443,0.07168966826943508,-0.10673744967722949,1,4310.0
444,444,-0.16776885314989803,-0.11338622500141418,2,4315.0
445,445,0.4125758621131281,0.027480577168928454,1,4316.0
446,446,-0.12106401897287342,-0.5290410610247777,2,4323.0
447,447,-0.2090860543393548,-0.3298820845245779,2,4330.0
448,448,0.06606077433462923,-0.10238966577914893,1,4332.0
449,449,-0.31370789912351127,0.19088387357244774,3,4334.0
450,450,0.5217469164054386,0.10416902009670899,4,4351.0
451,451,-0.32217165163115274,0.38369943333411677,3,4357.0
452,452,-0.2866971358064147,0.2971509165031884,3,4360.0
453,453,0.03070432653319212,0.05274771950259901,1,4375.0
454,454,0.08316427314145845,-0.06464923317007727,1,4388.0
455,455,-0.3540338483522369,0.14304728391378285,3,4401.0
456,456,0.7154184018774572,0.06069210834862509,4,4414.0
457,457,-0.205337211341096,0.09625867733326315,3,4424.0
458,458,-0.3237840972033755,-0.021743206768319194,2,4430.0
459,459,-0.2141379066825364,-0.12428200982262165,2,4447.0
460,460,-0.31089440945275637,0.31986082686168144,3,4448.0
461,461,-0.30947225194212075,0.2379069807563222,3,4456.0
462,462,-0.36351938040387743,0.2945469845841929,3,4470.0
463,463,0.06533972824336173,-0.07398180630144409,1,4479.0
464,464,0.01301068353393061,-0.11621331259997421,2,4485.0
465,465,-0.15402191669658918,-0.22811914030730254,2,4489.0
466,466,0.01836573989415185,-0.0969467653562377,2,4510.0
467,467,-0.0283231088608724,-0.06847960889166642,2,4516.0
468,468,-0.04766530861687018,-0.14958822211430237,2,4529.0
469,469,0.19868579796460514,0.10202863421989534,1,4538.0
470,470,-0.25691592016257997,0.03269155972679315,2,4540.0
471,471,-0.1800851155408675,0.2797932336062165,3,4549.0
472,472,0.2269250758882254,0.05794093862634162,1,4550.0
473,473,-0.2827292047502079,-0.03269186300136883,2,4572.0
474,474,0.07890610826960558,-0.13327402612754352,1,4578.0
475,475,-0.3636390377522103,0.16795423718668384,3,4592.0
476,476,-0.13771876606976768,-0.23101048784743256,2,4637.0
477,477,0.07957181564091596,-0.11008440956194591,1,4645.0
478,478,-0.18400171938260967,-0.043000829573386974,2,4649.0
479,479,0.20290134678525315,-0.021791504640884973,1,4660.0
480,480,-0.32261614059916877,0.3190041772725367,3,4665.0
481,481,0.08910770614989978,-0.06236419424841896,1,4676.0
482,482,0.06328471758796202,-0.26404749637890657,2,4678.0
483,483,-0.17396179934431566,-0.15033760229938617,2,4695.0
484,484,0.2613841495031626,-0.013946483514166172,1,4709.0
485,485,-0.212442457722756,0.08924839627348755,3,4740.0
486,486,-0.03806331353680479,-0.17417145816235205,2,4742.0
487,487,0.23320550826907563,-0.05160000023229081,1,4745.0
488,488,-0.40532640674858356,0.3477066847528498,3,4747.0
489,489,-0.1921272240262293,-0.4862362752368992,2,4748.0
490,490,-0.17509124194979878,-0.5863620682174475,2,4765.0
491,491,-0.29899690264217976,-0.09921735124258843,2,4782.0
492,492,0.25988931368979695,-0.056547471120819266,1,4808.0
493,493,-0.2116974207745875,0.09138153957063967,3,4815.0
494,494,0.6247642339596573,0.1236737932179732,4,4826.0
495,495,-0.2531213977380106,-0.029920436039744796,2,4862.0
496,496,-0.013805610316426088,-0.0933723583358416,2,4885.0
497,497,-0.24072497598949294,0.005877830558337298,2,4892.0
498,498,-0.3216620594819781,0.26802697094309574,3,4904.0
499,499,0.16465734546163446,-0.04052945971348581,1,4925.0
500,500,-0.23854572948608102,-0.15639991524556282,2,4948.0
501,501,-0.07561380620278452,-0.16096826750663756,2,4958.0
502,502,0.11711457255660876,-0.08611036362352092,1,4976.0
503,503,0.6430633346474198,0.10960055389729836,4,4978.0
504,504,-0.012572708778874482,-0.15315027633847764,2,4980.0
505,505,-0.394575785425826,0.3698808117614216,3,4998.0
506,506,-0.27981455328506943,0.2832522800555025,3,5020.0
507,507,0.41264773018025025,-0.019214120704278234,1,5032.0
508,508,-0.21718895295912433,-0.09292930652564671,2,5066.0
509,509,0.28545290800967293,0.1562289098955053,1,5074.0
510,510,-0.3104994955520391,0.12226006670028314,3,5086.0
511,511,-0.12671250971106582,0.06847412133085748,2,5095.0
512,512,-0.18072036197932104,-0.181961548413876,2,5107.0
513,513,0.0818718643668737,-0.12078557334693558,1,5109.0
514,514,-0.19310393172724208,-0.1741163466678428,2,5120.0
515,515,0.01627954506950568,-0.14655209043737258,2,5124.0
516,516,-0.1898995736515028,-0.08730938410659304,2,5134.0
517,517,-0.20186959356054887,-0.18892004857258987,2,5137.0
518,518,-0.0923072411477362,-0.05696702371051878,2,5142.0
519,519,-0.3159312145585156,0.11875452589033024,3,5145.0
520,520,0.05896079274592382,-0.10762724609637853,1,5151.0
521,521,0.03983419336553192,-0.08921687836056152,1,5174.0
522,522,-0.18701310117515463,-0.14209408812469443,2,5176.0
523,523,0.1129575898392409,-0.02888892508995909,1,5232.0
524,524,-0.16931466183130142,-0.09335334846963235,2,5246.0
525,525,0.03648265204283861,-0.03689574147551205,1,5252.0
526,526,-0.180977247159487,-0.19212466637333983,2,5256.0
527,527,-0.1649242654881232,-0.11980422831039966,2,5275.0
528,528,0.7119447936527531,0.09904342947081206,4,5278.0
529,529,-0.27448508876709465,0.46615062938953744,3,5296.0
530,530,-0.006075039480231657,-0.07244563735179588,2,5326.0
531,531,0.06381263504447983,-0.08896236530070936,1,5352.0
532,532,0.3860533382165219,0.031686506623537156,1,5417.0
533,533,-0.05761426693971995,0.4097596508175429,3,5430.0
534,534,-0.1468999054186454,-0.08139803713943242,2,5436.0
535,535,-0.3138436697623184,0.20592072178276177,3,5444.0
536,536,0.2605126420712823,-0.050653241212150785,1,5446.0
537,537,-0.2265037991952345,-0.13710560337218353,2,5467.0
538,538,1.3943236981601765,0.38445157995476287,4,5468.0
539,539,-0.25795229140848686,-0.12777746803470966,2,5477.0
540,540,0.0031509480965946743,-0.13815979862026584,2,5480.0
541,541,0.08502263696761637,-0.08783690075402485,1,5481.0
542,542,-0.052937778458881285,-0.14982203169546598,2,5495.0
543,543,0.06359551634208162,0.12451997186216375,1,5500.0
544,544,-0.2871411375716757,0.33710946237302025,3,5505.0
545,545,-0.06306760722423363,-0.18493865880015753,2,5510.0
546,546,-0.3074404673436904,0.12676991957961697,3,5527.0
547,547,-0.36985469994814785,0.3015260000877059,3,5528.0
548,548,0.25650521624971034,0.013019680097667293,1,5534.0
549,549,0.01872275684637126,-0.06496681732547178,2,5540.0
550,550,0.09493824719205418,-0.10556484643816981,1,5548.0
551,551,-0.030690973543040935,-0.13261291177266474,2,5549.0
552,552,-0.09654079096235996,-0.1046020682790225,2,5550.0
553,553,0.35248859869392224,-0.028872667825452013,1,5554.0
554,554,-0.18868595608840083,-0.18365460853624072,2,5555.0
555,555,0.27555785407634203,0.15190873932648444,1,5566.0
556,556,-0.2666828733572414,0.03060233751904864,2,5577.0
557,557,0.24947943153748103,-0.07333121250236362,1,5578.0
558,558,0.826589155137198,0.16883010819034341,4,5585.0
559,559,-0.24872766033065075,-0.2386946714495334,2,5613.0
560,560,-0.1807314954932025,-0.5329942728407185,2,5617.0
561,561,-0.09768512711935934,0.03770372062198011,2,5618.0
562,562,0.050962714628271275,-0.1256250283975575,2,5641.0
563,563,-0.03696548320652877,-0.16059523272342033,2,5660.0
564,564,0.08775898152071773,-0.04922405672901625,1,5672.0
565,565,0.14778407543571093,-0.07888989663926894,1,5682.0
566,566,0.38996009501628803,0.058569801971985,1,5687.0
567,567,-0.3513489001291912,0.27989207046400105,3,5726.0
568,568,-0.2557509393046417,-0.012613205474098898,2,5728.0
569,569,-0.06977194830745587,0.008277876309539215,2,5733.0
570,570,-0.020696569172573447,-0.0571249149308005,2,5735.0
571,571,-0.16670637366596902,-0.1584437311487264,2,5748.0
572,572,0.25213000005256153,-0.057885195991532475,1,5752.0
573,573,-0.3833382994286082,0.327951378126294,3,5768.0
574,574,0.027829452190444238,-0.07469596257956485,2,5774.0
575,575,0.20519995511141123,-0.038882869515199446,1,5783.0
576,576,-0.2314628771400454,0.03591050744218507,2,5786.0
577,577,-0.22045406377926197,0.02417109612571591,2,5830.0
578,578,0.4437876752336034,-0.19516583233997103,1,5854.0
579,579,-0.1586954361507794,-0.11023417705955689,2,5872.0
580,580,0.07154992427485289,0.18671531572203443,1,5873.0
581,581,0.05028295192495165,-0.10642370791523761,1,5888.0
582,582,-0.14687635863919657,-0.5262148474339432,2,5890.0
583,583,0.49628040949009233,0.05111727264668975,4,5898.0
584,584,0.1765713117304732,-0.043633849889271714,1,5907.0
585,585,0.25004845760613137,-0.029411547846054546,1,5911.0
586,586,0.48021152885335766,0.1255821940611945,1,5912.0
587,587,0.1331065206441421,-0.09326216478760793,1,5918.0
588,588,0.08090031696187006,-0.04131845467446349,1,5919.0
589,589,-0.10031587677837472,-0.1263091065657757,2,5920.0
590,590,0.04132434519539765,-0.1395706065705456,2,5922.0
591,591,0.021669867589906154,-0.11288549016411839,2,5931.0
592,592,0.4700811269199551,0.09179196032705907,1,5938.0
593,593,0.008647911068611796,-0.09185683010302248,2,5946.0
594,594,-0.1979934918335497,-0.3328535632556453,2,5955.0
595,595,-0.11707069290311456,-0.1267934839265125,2,5956.0
596,596,0.2172980970987006,-0.055611087136452846,1,5960.0
597,597,0.9498729584603972,0.17959115561562772,4,5993.0
598,598,-0.000714588765773157,-0.0736664427686276,2,6011.0
599,599,0.21295772260685578,-0.03163161479801772,1,6030.0
600,600,-0.36922017597520496,0.1667201068046726,3,6031.0
601,601,-0.11411957069061729,-0.13491255248067713,2,6034.0
602,602,0.13413225663175654,-0.08844928261999888,1,6035.0
603,603,0.1268850154356726,-0.12642854502055054,1,6047.0
604,604,-0.1877450479467235,-0.0949618884006549,2,6052.0
605,605,0.08831380146854884,-0.05870040199113421,1,6084.0
606,606,0.33760772866205513,0.0008012254233984422,1,6092.0
607,607,-0.10152109479957451,-0.15647627123418056,2,6097.0
608,608,-0.22063018572571624,-0.28528619862389665,2,6110.0
609,609,-0.09133316706688868,0.5064340031120425,3,6118.0
610,610,-0.29819364422673167,-0.06540145731207406,2,6124.0
611,611,-0.3896804915397885,0.18075309157675584,3,6137.0
612,612,0.006470178615898619,-0.10224148739208545,2,6138.0
613,613,-0.23172396819325206,0.44705587634332816,3,6139.0
614,614,-0.23120131655259935,-0.23996928603302914,2,6142.0
615,615,-0.22151405499596794,-0.1070403295055359,2,6152.0
616,616,0.6833787348243695,0.11670043692551617,4,6155.0
617,617,0.005772871578997783,0.09022957120317153,1,6167.0
618,618,-0.33260974194465853,0.2668323742855495,3,6179.0
619,619,-0.3173203804142305,0.1720646207939787,3,6182.0
620,620,0.054062182826834435,-0.11551331354877767,2,6187.0
621,621,-0.34811958599413273,0.361376544274,3,6188.0
622,622,-0.26202108246266487,0.28946213331264076,3,6209.0
623,623,-0.2539542892802709,0.06169774164842483,3,6217.0
624,624,-0.1765584204100482,-0.1760098043911731,2,6221.0
625,625,-0.1635801232918564,0.20374640788655668,3,6222.0
626,626,-0.1845893526397248,-0.19800837828722354,2,6238.0
627,627,-0.24902691899094975,0.18292328268826819,3,6256.0
628,628,-0.3017449968008727,0.21937214732172444,3,6261.0
629,629,0.18607071195739994,-0.09100141721775057,1,6264.0
630,630,0.16467193528680202,0.5410350903138386,1,6266.0
631,631,0.13863755685496698,-0.002467356493131449,1,6295.0
632,632,0.05032062524165399,0.33146293876844674,1,6305.0
633,633,-0.15859436693785925,-0.18912784986466827,2,6308.0
634,634,0.9842283560066829,0.1566649470489629,4,6330.0
635,635,0.2004553240576599,-0.05503185705879091,1,6340.0
636,636,0.5000271936628158,0.06328271140604788,4,6341.0
637,637,0.32602018197167515,0.03453946792932691,1,6346.0
638,638,0.02195805662950903,-0.04464568100256808,2,6347.0
639,639,-0.23440432709317724,-0.2320088307155732,2,6354.0
640,640,-0.08179022049835079,-0.1659450339844473,2,6355.0
641,641,0.7476756051553762,0.1115460835200044,4,6356.0
642,642,-0.07157772903535235,-0.19547098325161635,2,6359.0
643,643,0.05604263167202373,-0.06215727430049936,1,6369.0
644,644,0.4160969777876596,0.02221257849494131,1,6390.0
645,645,0.07083505321087252,-0.08872492739371707,1,6392.0
646,646,-0.08713637520992877,-0.2201923340281858,2,6399.0
647,647,-0.1449284831239686,-0.1287034167149976,2,6403.0
648,648,-0.27839946893493933,-0.031333331862850214,2,6406.0
649,649,-0.16417244775181186,-0.18541981310903694,2,6425.0
650,650,0.8179965281736206,0.1136794372345103,4,6443.0
651,651,0.23978840750991506,-0.0051425758423418386,1,6463.0
652,652,-0.003793105526911062,-0.162450019443782,2,6482.0
653,653,0.11527304583267335,-0.0898546213772164,1,6486.0
654,654,-0.4137982268450766,0.3319332511179992,3,6490.0
655,655,-0.23898335602222337,0.5329656751792261,3,6492.0
656,656,-0.22316695273016207,-0.04310817562813462,2,6496.0
657,657,-0.20173641499967956,-0.06846244948480781,2,6501.0
658,658,0.1527811671918013,-0.04901872079354879,1,6504.0
659,659,0.14338414652813725,-0.0643917151260316,1,6510.0
660,660,-0.015108929320653108,-0.08944185318256498,2,6514.0
661,661,-0.11288985674007572,-0.06796715951381578,2,6518.0
662,662,0.2559520201137871,-0.07712814623771569,1,6525.0
663,663,0.25553826711202554,-0.03608605224840319,1,6537.0
664,664,0.029346449262652344,0.18041091823619584,1,6557.0
665,665,-0.26514061082065593,0.26595201548947567,3,6559.0
666,666,-0.3449381547248094,0.1684929802352995,3,6566.0
667,667,0.9636107129285267,0.16971154915371867,4,6572.0
668,668,0.0137887537800054,-0.1322201896710965,2,6579.0
669,669,0.07075571913202441,-0.058518938877475564,1,6597.0
670,670,0.33783039330234954,0.15290062419399533,1,6605.0
671,671,0.007546457958528656,-0.1695238474622831,2,6627.0
672,672,-0.39976251949683256,0.2949274271299583,3,6634.0
673,673,-0.20887944075326256,-0.009186080366910508,2,6648.0
674,674,0.08866103718782682,-0.07335780852894229,1,6683.0
675,675,-0.00039433017014947597,0.05260617103318019,1,6693.0
676,676,-0.05912052772634695,-0.13202047117399499,2,6703.0
677,677,-0.26691412230305644,-0.19163370111211073,2,6707.0
678,678,-0.21299465244698956,0.2802933309626721,3,6719.0
679,679,0.1191962892861479,0.22623900865886723,1,6728.0
680,680,-0.327993477896567,0.1913536976090986,3,6729.0
681,681,-0.14775283122636343,-0.174815348128511,2,6741.0
682,682,0.03471803893606809,-0.0971312482533266,2,6750.0
683,683,-0.3907488622281441,0.2865456883321513,3,6752.0
684,684,-0.062213871708721565,0.06959077899497615,2,6756.0
685,685,-0.05608458828194851,-0.1657553107537226,2,6760.0
686,686,-0.018254636685308988,-0.12379569074347804,2,6787.0
687,687,-0.18546787915550172,-0.07623355190482409,2,6808.0
688,688,0.566862287235493,0.1283459154670064,4,6812.0
689,689,-0.08547210188923096,-0.027377395268747613,2,6824.0
690,690,-0.22795543067433588,0.268165278366485,3,6827.0
691,691,0.010648099808694168,-0.12819946770564683,2,6828.0
692,692,-0.07289605864768528,-0.1961240130463854,2,6830.0
693,693,-0.2578352584730734,0.09631154104142095,3,6835.0
694,694,0.2127908994961772,-0.06500149548951599,1,6845.0
695,695,-0.22769229064893737,-0.021873304629294883,2,6863.0
696,696,-0.24888158570685717,-0.20965084609064094,2,6873.0
697,697,-0.18888995989296997,0.0036821720657359367,2,6879.0
698,698,-0.24622176736403353,0.06826394575494191,3,6893.0
699,699,-0.16695312398371143,-0.12693484468885716,2,6897.0
700,700,-0.208184131255767,-0.30116190119320346,2,6902.0
701,701,0.3492067169271194,0.07628009141214302,1,6934.0
702,702,-0.10687400433944304,-0.1529178186157712,2,6939.0
703,703,-0.18705725246857277,-0.4663621696600918,2,6947.0
704,704,-0.11337670382695293,-0.14711624138746146,2,6977.0
705,705,-0.048998990602284895,0.10812968530294009,2,6987.0
706,706,-0.2572785689259795,0.000294092437755145,2,6988.0
707,707,0.23840268982379761,-0.007726007717427261,1,7005.0
708,708,-0.2531130806084333,0.14124483536254787,3,7015.0
709,709,-0.21992103941307975,-0.20236962439020315,2,7025.0
710,710,-0.04283866535667118,0.13910448000366402,2,7043.0
711,711,-0.17447706723176953,-0.5240252239025054,2,7058.0
712,712,0.20499707170794543,-0.051955551441212514,1,7069.0
713,713,0.24263502965561357,-0.056038006781451856,1,7072.0
714,714,-0.25406479855032293,0.2505770000082597,3,7091.0
715,715,-0.06766710581246033,-0.15700062099282225,2,7095.0
716,716,0.07073570344407264,-0.051287460191846955,1,7097.0
717,717,-0.3646203433582405,0.32994195924406733,3,7102.0
718,718,-0.23196780272301884,0.24850698470529223,3,7113.0
719,719,-0.09328861348978848,-0.13157208054315328,2,7138.0
720,720,0.04527789927023817,0.0761105306736341,1,7140.0
721,721,-0.0467113607499491,-0.03240809086098608,2,7166.0
722,722,-0.16799944869399266,-0.40631053830738,2,7175.0
723,723,-0.3004926377237235,0.2589616173161126,3,7178.0
724,724,-0.17351690454189145,-0.1661544056839194,2,7194.0
725,725,-0.22133167980137577,0.10295698903175592,3,7217.0
726,726,-0.014629541398762047,0.11660498411917658,1,7222.0
727,727,-0.19181767677651482,-0.03659732626293253,2,7227.0
728,728,-0.11071311927234685,-0.05655091572300918,2,7228.0
729,729,0.21012985153427885,-0.05617866870898824,1,7247.0
730,730,0.05532485945984602,0.15490620080197562,1,7253.0
731,731,0.06886948733917636,-0.05114941011160498,1,7254.0
732,732,0.415317634656209,0.025691280190068548,1,7255.0
733,733,-0.17920119261264855,-0.17365137271614334,2,7257.0
734,734,0.10927987461483545,-0.10047310262628573,1,7274.0
735,735,-0.3975686713128254,0.36135904986447964,3,7297.0
736,736,-0.20012919252103784,-0.3774286645194558,2,7305.0
737,737,-0.38714525256481974,0.1470100231659234,3,7316.0
738,738,1.1957372112534113,0.2532523312800354,4,7332.0
739,739,-0.39363514270762096,0.28589547833868434,3,7337.0
740,740,0.025003333574463726,-0.21787378534126786,2,7374.0
741,741,0.2490422670328492,0.008100203888467328,1,7385.0
742,742,0.10855529337832687,-0.10535118343322022,1,7388.0
743,743,0.014582895077482453,-0.10121264942531723,2,7391.0
744,744,-0.09194158135674735,-0.05732417185367502,2,7395.0
745,745,-0.2125467555701748,-0.11521145575398543,2,7396.0
746,746,-0.16700662862930707,-0.31066186407311847,2,7400.0
747,747,-0.12589681857238516,-0.09608307978645315,2,7406.0
748,748,0.08242509561935067,0.16282197433161757,1,7433.0
749,749,-0.28273038048313276,0.18492481942904268,3,7459.0
750,750,-0.03803176236568589,-0.14452708787442697,2,7460.0
751,751,0.30283346881715667,0.09516904720611669,1,7467.0
752,752,-0.2131203866293323,-0.17009685626728455,2,7479.0
753,753,0.14824486793527128,-0.0669070566808234,1,7483.0
754,754,0.6970475693298165,0.10761270604050532,4,7484.0
755,755,-0.2749662028891705,-0.13160682896229434,2,7487.0
756,756,-0.05587647766573216,-0.13247098370302188,2,7514.0
757,757,0.12225216013840842,-0.05541378483699036,1,7527.0
758,758,-0.005524391014528744,-0.10122512587526114,2,7529.0
759,759,0.08264818903784132,-0.08279354928830214,1,7545.0
760,760,-0.23103643220549472,-0.04192562107668964,2,7550.0
761,761,0.29807355847415656,-0.00912489867682019,1,7589.0
762,762,-0.3097231729939295,0.261918017424715,3,7596.0
763,763,-0.23713281651598198,0.16318669049116014,3,7605.0
764,764,0.1474921420565017,-0.09446523366402956,1,7611.0
765,765,-0.20219565041461698,-0.29448833447769035,2,7630.0
766,766,-0.054634797605792054,-0.16595503185784205,2,7635.0
767,767,0.0010142121015770476,-0.08186016668193409,2,7639.0
768,768,0.26169536181178976,-0.005764667981464877,1,7648.0
769,769,0.21056684298638015,-0.03165040811412489,1,7651.0
770,770,0.2491503666639084,0.05477003831030946,1,7653.0
771,771,0.21696425338350278,-0.06323832476805624,1,7655.0
772,772,0.41032487951290525,-0.012748392659351711,1,7670.0
773,773,0.12466317863134901,-0.04030146342425864,1,7673.0
774,774,0.6239724190765862,0.05702260587411871,4,7675.0
775,775,-0.20336117697614645,0.11286858885879127,3,7682.0
776,776,-0.23231013120191576,-0.11999030314220617,2,7683.0
777,777,-0.1790414511605564,-0.17901866667704502,2,7685.0
778,778,-0.38174388963493716,0.3028076890418213,3,7687.0
779,779,-0.04000461037394217,-0.10803889203761571,2,7693.0
780,780,0.3814155308396182,0.09178859086384733,1,7734.0
781,781,-0.263207034621642,-0.11356835835267727,2,7736.0
782,782,-0.38061125563814663,0.4010527263656853,3,7737.0
783,783,0.021167012076998414,-0.09978114798888438,2,7738.0
784,784,0.060373968346935966,-0.1372242086943622,1,7756.0
785,785,-0.06148195826809988,-0.16173101717647972,2,7760.0
786,786,-0.18712447205367677,0.08501669907963981,2,7761.0
787,787,-0.0915873492277328,0.1906014192697041,3,7793.0
788,788,-0.14612127269834865,-0.12935223578367436,2,7797.0
789,789,-0.22903479655413853,-0.11825102810342458,2,7831.0
790,790,-0.011623567368891724,0.17988062560591175,1,7833.0
791,791,-0.1208639897000493,-0.14818906705634552,2,7841.0
792,792,0.007850637700437783,-0.1523545261244854,2,7867.0
793,793,0.49221216420654185,0.07990411672291736,1,7873.0
794,794,-0.40598253288314246,0.346545802892841,3,7874.0
795,795,0.1307123434761913,-0.06640134713150575,1,7880.0
796,796,-0.12298680906212149,-0.09460562229149001,2,7884.0
797,797,-0.023240158412231846,-0.17592656203327064,2,7887.0
798,798,0.24940317514547333,-0.012776187318974981,1,7915.0
799,799,-0.15722320355253727,-0.09871645628321592,2,7933.0
800,800,-0.08672520520259908,-0.18606916234466542,2,7958.0
801,801,-0.3602287611621432,0.3139304272877205,3,7965.0
802,802,-0.23386254606070217,-0.2584591164458312,2,7984.0
803,803,0.007792433155604108,-0.11103730507696268,2,7985.0
804,804,0.006348371050149181,-0.09513103248115662,2,7996.0
805,805,-0.29926865780926604,0.05337206098494597,3,8001.0
806,806,-0.0030749012072041845,-0.09022577995869363,2,8003.0
807,807,0.31674302856489694,-0.008429951385061616,1,8008.0
808,808,-0.24800596420159596,0.11782910495363672,3,8009.0
809,809,-0.0922894647256538,0.045919269976433204,2,8032.0
810,810,0.17088238387345764,-0.07763358930740569,1,8039.0
811,811,-0.12786515625542963,0.28909193217579426,3,8047.0
812,812,0.8129867852317395,0.07050112564844398,4,8050.0
813,813,-0.045229924742795746,-0.1409047315718864,2,8079.0
814,814,0.06591503595304071,-0.1543924285430479,2,8088.0
815,815,-0.14304606734870806,-0.21501872086315788,2,8089.0
816,816,-0.2705272463114324,0.3000231729322015,3,8093.0
817,817,0.3109585221539853,-0.0015268618077204465,1,8102.0
818,818,0.30858107834767606,0.16252940714697203,1,8104.0
819,819,0.35430032349409585,-0.0033291427170196682,1,8127.0
820,820,-0.07412301301440655,0.46540737576222463,3,8133.0
821,821,-0.2506556261219236,0.3438186022055594,3,8135.0
822,822,-0.25025169674803466,-0.14621053216834984,2,8136.0
823,823,-0.3452973840630499,0.3723191855539677,3,8144.0
824,824,-0.21218538366456993,0.1817734246837798,3,8145.0
825,825,-0.1253230021632538,-0.20408098092298516,2,8149.0
826,826,0.22880241815813052,-0.03402058828690495,1,8150.0
827,827,0.3702666786971157,-0.0025767400282907696,1,8153.0
828,828,0.13455021452654062,-0.01987550047011964,1,8157.0
829,829,-0.15560560022579872,-0.18312374210095556,2,8165.0
830,830,0.019521919958454384,-0.12678131089772607,2,8193.0
831,831,0.06610471392185722,-0.061601085534586986,1,8207.0
832,832,-0.06394091764306918,-0.05821864384355093,2,8208.0
833,833,-0.21000602684890338,-0.1858174786624103,2,8233.0
834,834,-0.030063680002470304,-0.12765903721966557,2,8242.0
835,835,0.6517753572083292,0.05203327275599282,4,8244.0
836,836,-0.1413896191562937,-0.19946341905916362,2,8246.0
837,837,-0.29098541612184325,0.3194510844281928,3,8254.0
838,838,0.059777738614964854,-0.10672293009109843,1,8260.0
839,839,0.2451740382004287,0.006835517261232867,1,8277.0
840,840,-0.12762520316486503,-0.1661317143388228,2,8288.0
841,841,-0.1961453128671195,-0.26416788363692506,2,8303.0
842,842,-0.08953130580510395,-0.1676307275257118,2,8311.0
843,843,0.07019642521219692,-0.10974149611199464,1,8317.0
844,844,0.35771787863695903,0.06302794769914383,1,8355.0
845,845,-0.22332757669960968,0.30386762910049103,3,8357.0
846,846,0.5766215395839706,0.1535072595719242,4,8365.0
847,847,-0.20124539990472334,-0.3521379300285173,2,8377.0
848,848,0.1296219799424078,-0.054066279412251596,1,8378.0
849,849,-0.24166813839344387,0.09631867746875095,3,8392.0
850,850,-0.2741847732983209,0.05112907643102261,3,8396.0
851,851,-0.13760575927112018,-0.12520033986926324,2,8397.0
852,852,-0.05166452464611859,0.2486927658314328,3,8426.0
853,853,0.023134035159609868,-0.09496740410296324,2,8435.0
854,854,-0.02615530061022692,-0.06395281340869886,2,8449.0
855,855,-0.20236348197693096,-0.33497471886403757,2,8458.0
856,856,-0.0626735086178158,-0.07944098995113227,2,8474.0
857,857,-0.38332716077641743,0.32376228907310495,3,8477.0
858,858,0.6641706908714093,0.07284140610928738,4,8491.0
859,859,0.2557433394361792,-0.03628574370938821,1,8543.0
860,860,-0.281022390976151,-0.11842719020768616,2,8552.0
861,861,0.13097395387702984,-0.008838742217577324,1,8558.0
862,862,0.15482939649800542,0.012500225687091627,1,8560.0
863,863,-0.23106585413410619,-0.2589801915759622,2,8582.0
864,864,0.36014440339519976,-0.01652973204602969,1,8584.0
865,865,-0.22243444105059645,0.028590221833513053,2,8586.0
866,866,-0.27865452852592687,0.4680605573092352,3,8608.0
867,867,-0.12787948227714102,-0.12412362049441138,2,8611.0
868,868,-0.006293744729124914,-0.02415554410601704,2,8623.0
869,869,0.012583259397677142,0.04876696656062595,1,8634.0
870,870,0.32706490272770167,-0.01835028688591574,1,8636.0
871,871,-0.27660254026895087,0.01476808388942348,2,8637.0
872,872,0.29336583040383873,-0.039499008924383516,1,8644.0
873,873,0.4164122588304742,0.08898424455213791,1,8652.0
874,874,-0.20283850471460624,-0.10843031924867275,2,8655.0
875,875,-0.1551420642814078,-0.1404882210087799,2,8666.0
876,876,-0.05165879735755082,-0.09144137678738701,2,8677.0
877,877,0.06696993460781092,-0.1289615334388474,1,8691.0
878,878,0.08913029227032486,-0.04224952867358365,1,8694.0
879,879,0.1444273959265106,-0.11606310799041808,1,8696.0
880,880,0.6168356397300478,0.10058169134524987,4,8703.0
881,881,-0.4133658878732691,0.33283313651535457,3,8710.0
882,882,0.1521745224115782,-0.06509387624527943,1,8712.0
883,883,-0.19792625243752562,-0.4050306029430044,2,8735.0
884,884,0.030037110126111547,-0.11031864235045405,2,8769.0
885,885,-0.33239301041788866,0.3899820261659179,3,8774.0
886,886,-0.1525215491067294,0.34838858992163624,3,8777.0
887,887,-0.12206045220966603,0.027647944747031673,2,8784.0
888,888,-0.1825091248000762,-0.18269722477738284,2,8806.0
889,889,-0.20991053813767346,-0.1441835006024758,2,8812.0
890,890,-0.02980661383402356,-0.18837947534918476,2,8831.0
891,891,0.06288024364329693,0.05050413598665202,1,8843.0
892,892,0.6851220196732061,0.07873376972116454,4,8850.0
893,893,-0.023980390468966377,0.12509175190326888,1,8852.0
894,894,-0.20001893565773635,-0.20458799463626381,2,8876.0
895,895,0.023198436882163425,0.0028347609383077674,1,8880.0
896,896,-0.19277037567698685,0.33630476319523744,3,8882.0
897,897,0.008823677404863055,-0.09311401349706551,2,8913.0
898,898,0.11626490539370787,-0.07031289381944077,1,8933.0
899,899,-0.11066481379985238,0.016234387108151064,2,8941.0
900,900,-0.038054452792282104,-0.13054343069074678,2,8959.0
901,901,-0.08583505167869225,0.12446709447649945,2,8966.0
902,902,-0.26549796009850074,0.2123279576497987,3,8969.0
903,903,0.25207987958048567,-0.01531932350892969,1,8971.0
904,904,-0.18740800087695178,-0.042244443918633565,2,8972.0
905,905,0.15336942839773077,-0.019891312636362114,1,8987.0
906,906,-0.2750045681187374,0.2764126029632808,3,9000.0
907,907,-0.21985160623479597,-0.20032247575837217,2,9011.0
908,908,0.18372526513442855,0.54313708881698,1,9019.0
909,909,-0.04485141759861358,-0.04776226314496226,2,9028.0
910,910,-0.016928002923558463,0.005069810903700637,2,9031.0
911,911,-0.15907486687716785,0.06659802770999072,2,9037.0
912,912,-0.1856918340169653,-0.19736104343998276,2,9067.0
913,913,-0.13572847458976195,-0.001842987123673321,2,9069.0
914,914,0.12330977245182428,0.7483654138955609,3,9071.0
915,915,0.40846050350992447,0.11559884303137893,1,9097.0
916,916,-0.33723895688624195,0.2506661568801201,3,9102.0
917,917,-0.17137924272323998,-0.1651297141771345,2,9116.0
918,918,-0.0728982482045444,-0.013353662719029082,2,9121.0
919,919,0.1263260804636185,-0.05157031381550401,1,9127.0
920,920,0.4178325977436827,-0.00035957374574115944,1,9144.0
921,921,0.2978988836746498,-0.036669373476254714,1,9145.0
922,922,-0.3586504151396649,0.21661420230068015,3,9170.0
923,923,0.06652114144141665,-0.05153949535105826,1,9184.0
924,924,0.0769851118970935,-0.09122956108080127,1,9188.0
925,925,-0.327497218800551,0.2698157744162215,3,9197.0
926,926,-0.20165992884421874,-0.39725756007042706,2,9198.0
927,927,-0.21050680846536776,-0.09479734870137067,2,9201.0
928,928,-0.16034541040007738,-0.15840735975204645,2,9226.0
929,929,-0.09650665998043086,0.11376076409952368,2,9234.0
930,930,-0.08332300123905553,-0.12390046089738199,2,9252.0
931,931,-0.052585435189805255,-0.169661520941351,2,9253.0
932,932,-0.21600057949978577,-0.399194546255052,2,9258.0
933,933,-0.2350912990756586,-0.0676808098729757,2,9273.0
934,934,0.13752964666859646,0.007774857803656012,1,9285.0
935,935,0.2597306063857466,-0.04726549294123972,1,9286.0
936,936,-0.41241490868780695,0.3351630984555276,3,9308.0
937,937,0.1366287847984972,-0.006910323612403331,1,9309.0
938,938,0.12877204375966406,-0.050552865686587956,1,9314.0
939,939,-0.39717594068886397,0.2804979146780392,3,9323.0
940,940,0.06737723224479385,-0.051207623576646884,1,9334.0
941,941,0.11449859902804076,0.14554640322674894,1,9347.0
942,942,0.0012751750418047885,-0.04308517010616639,2,9360.0
943,943,0.36338692985339494,0.0394622031159402,1,9362.0
944,944,-0.39670614203039345,0.28059901950355,3,9380.0
945,945,0.39901771056241947,0.002346440806249165,1,9410.0
946,946,-0.19172106242690934,0.43321726350538503,3,9415.0
947,947,-0.20665357082568234,0.30736993469483703,3,9419.0
948,948,-0.10834704237218519,-0.07156879697109542,2,9427.0
949,949,-0.3538143895939384,0.19792565952008587,3,9432.0
950,950,-0.4066578141941079,0.3474047229755832,3,9441.0
951,951,-0.09537744591414402,-0.15719704314847194,2,9458.0
952,952,0.222686865223452,0.008158254605639178,1,9461.0
953,953,0.5474486175414326,0.024704398266253987,4,9473.0
954,954,-0.32662262448696844,0.27929760872918147,3,9477.0
955,955,0.5078618818644111,0.10046510244224666,4,9487.0
956,956,0.14801290254463892,0.041213155933771416,1,9493.0
957,957,-0.01669181995610632,-0.14481910493193534,2,9494.0
958,958,-0.14202032364675318,-0.0837886561096372,2,9502.0
959,959,-0.08573093508327863,-0.15828733338348644,2,9521.0
960,960,0.6133661240883869,0.06893007262007333,4,9528.0
961,961,-0.08785827711438364,-0.09806597441838907,2,9545.0
962,962,-0.1441312168235546,0.1829225896654665,3,9550.0
963,963,-0.03372868094581423,-0.0020793191613229095,2,9555.0
964,964,-0.11035385124378438,-0.18155714471682707,2,9566.0
965,965,-0.22108853589350339,-0.295858749772478,2,9570.0
966,966,0.7062300170568386,0.0839857153573045,4,9571.0
967,967,0.15636447700559905,-0.05889208494683153,1,9576.0
968,968,-0.058752950691511735,-0.15046424564870972,2,9581.0
969,969,0.14575074512396421,-0.06834578251179822,1,9605.0
970,970,0.014082846477177153,-0.15443393651412687,2,9608.0
971,971,-0.130049034832841,-0.17777203649541473,2,9620.0
972,972,0.21247117011582728,-0.06423735178087488,1,9623.0
973,973,-0.015851036076720594,-0.014052433552654637,2,9634.0
974,974,0.27346064829243444,-0.053964524851619323,1,9635.0
975,975,0.08715027792216544,-0.053295902185552184,1,9648.0
976,976,0.026514457376622558,0.1827109131092484,1,9649.0
977,977,-0.3541293975508365,0.20160832574168455,3,9657.0
978,978,-0.21194130281518941,0.12802308129803286,3,9660.0
979,979,-0.0691352213398149,0.020491824560698726,2,9666.0
980,980,0.02022765928613326,-0.05187558004719017,2,9683.0
981,981,-0.4138593112283972,0.3323108280062417,3,9687.0
982,982,-0.26494817974295104,-0.023842485437696882,2,9692.0
983,983,-0.4051404703745993,0.34857817448664313,3,9710.0
984,984,1.068762547125825,0.19722071433838098,4,9725.0
985,985,0.0033801833325682773,-0.10339995836083138,2,9726.0
986,986,0.4555284344182237,0.05559868409765603,1,9727.0
987,987,0.8757595180019806,0.1579315769976893,4,9733.0
988,988,-0.3047920720725156,0.15102367335472697,3,9753.0
989,989,-0.41464688701823255,0.3307521059383113,3,9755.0
990,990,1.1640790177830134,0.242176924139393,4,9761.0
991,991,0.4998545310589333,0.09874089632619591,4,9763.0
992,992,-0.2563481558789817,0.10717548867163489,3,9765.0
993,993,-0.027821548237547372,-0.11647487923407289,2,9780.0
994,994,-0.1425406424410627,-0.1508305328386546,2,9807.0
995,995,-0.3882672381091603,0.2901821163645697,3,9868.0
996,996,-0.3614891480017211,0.2707123188062407,3,9877.0
997,997,0.14418877100306604,-0.09088127759197846,1,9891.0
998,998,0.13710891606930742,-0.08872386813492915,1,9893.0
999,999,-0.16397131686084665,-0.1832555651763942,2,9919.0
1000,1000,-0.14071045720762357,-0.013895564375679268,2,9922.0
1001,1001,-0.3134881864803379,0.03759541360669186,3,9924.0
1002,1002,0.8130487689071095,0.12916474817075183,4,9936.0
1003,1003,0.9360687387663843,0.2165502090294617,4,9942.0
1004,1004,-0.21424585261593726,-0.02761432441892105,2,9951.0
1005,1005,-0.16846968276469299,0.18058766896633296,3,9960.0
1006,1006,0.3858787745065299,0.08286111796251835,1,9969.0
1007,1007,-0.0548844381974989,-0.15650222491158094,2,9998.0
